{
    "device": "cuda:0",
    "network": "LinearRegressionNetwork",
    "epochs_number": 10,
    "learning_rate": 0.01,
    "batch_size": 32,
    "train_len_data": 91720,
    "test_len_data": 7628,
    "trainer": "BaseTrainer",
    "optimizer": "SGD",
    "pytorch_version": "1.12.1+cu116",
    "loss_function": "CrossEntropyLoss",
    "performances": {
        "train": {
            "best_epoch": 4,
            "best_loss": 0.5345133472050427,
            "best_accuracy": 0.7462249236807675,
            "losses": [
                0.5593882540766454,
                0.540684759798811,
                0.537089211486907,
                0.533696959827646,
                0.5345133472050427,
                0.5340827039844648,
                0.5337543759187964,
                0.5361101930441942,
                0.5338409185487528,
                0.5316359931940186
            ],
            "accuracies": [
                0.7263955516790231,
                0.739069995638901,
                0.7441125163541212,
                0.7446167684256433,
                0.7462249236807675,
                0.7455980156999564,
                0.7454208460532054,
                0.7440034888791975,
                0.7438126907980811,
                0.7459932402965548
            ]
        },
        "valid": {
            "best_epoch": 5,
            "best_loss": 0.5430773312829513,
            "best_accuracy": 0.7381160052333188,
            "losses": [
                0.5463469832201038,
                0.5487054362114299,
                0.5459548132656343,
                0.5549839329013426,
                0.563522021841089,
                0.5430773312829513,
                0.5517653983852174,
                0.5548214580643053,
                0.5547091571503815,
                0.5539359895817494
            ],
            "accuracies": [
                0.7377344090710859,
                0.724705625817706,
                0.7362080244221544,
                0.7222525076319233,
                0.7124945486262538,
                0.7381160052333188,
                0.7299389446140427,
                0.7256868730920192,
                0.7182184910597471,
                0.7277038813781073
            ]
        },
        "test": {
            "best_epoch": 4,
            "best_loss": 0.44433658647986135,
            "best_accuracy": 0.8075511274252754,
            "losses": [
                0.6828289871185893,
                0.4770098203271004,
                0.6230299823204344,
                0.4722371144399483,
                0.44433658647986135,
                0.6411627820346146,
                0.5316247128293106,
                0.5670749819428352,
                0.46438470302017165,
                0.5573639575407595
            ],
            "accuracies": [
                0.6588883062401678,
                0.7936549554273729,
                0.7231253277399056,
                0.800209753539591,
                0.8075511274252754,
                0.7079181961195595,
                0.7712375458835868,
                0.752884111169376,
                0.794441531200839,
                0.7540639748295752
            ]
        }
    }
}