{
    "device": "cuda:0",
    "network": "SecondNeuralNetwork",
    "epochs_number": 20,
    "learning_rate": 0.001,
    "batch_size": 64,
    "train_len_data": 91720,
    "test_len_data": 7628,
    "trainer": "BaseTrainer",
    "optimizer": "Adam",
    "pytorch_version": "1.12.1+cu116",
    "loss_function": "CrossEntropyLoss",
    "performances": {
        "train": {
            "best_epoch": 18,
            "best_loss": 0.006066843682532008,
            "best_accuracy": 0.998533319352768,
            "losses": [
                0.00975988539320456,
                0.006875656583070512,
                0.006906886356755268,
                0.007184444562978959,
                0.010252823070921095,
                0.006383865402975706,
                0.007395120889278254,
                0.007374488549617953,
                0.007635718390540038,
                0.008441416677120825,
                0.007580009956055641,
                0.011223345425022168,
                0.01281079961425105,
                0.008384430465055758,
                0.006774799117749703,
                0.0074501627143646046,
                0.008453429549140789,
                0.010113869781845107,
                0.006066843682532008,
                0.008163161267762481
            ],
            "accuracies": [
                0.9976650750986525,
                0.9978671113168414,
                0.9978108480662065,
                0.9977520273950882,
                0.9974630388804636,
                0.998070426245272,
                0.9977545848155717,
                0.9979821952385945,
                0.9979169810162678,
                0.997868390027083,
                0.9982225927640345,
                0.9976932067239699,
                0.9978875706807087,
                0.9981624933826745,
                0.998349185077963,
                0.9985090238581756,
                0.9983555786291715,
                0.9982468882586268,
                0.998533319352768,
                0.9982046908206507
            ]
        },
        "valid": {
            "best_epoch": 9,
            "best_loss": 0.040464249349319296,
            "best_accuracy": 0.9922045355429568,
            "losses": [
                0.05742203620325722,
                0.1272100517453256,
                0.10399651172601712,
                0.03156144266069107,
                0.03006418974372717,
                0.16809389909700156,
                0.02704343852331346,
                0.050142931562782676,
                0.03927403642716477,
                0.040464249349319296,
                0.07827123398515347,
                0.04852884517210286,
                0.09352631210980253,
                0.13412901401018418,
                0.035458961540657884,
                0.05892542650264392,
                0.05676556878631127,
                0.13883883259062435,
                0.07528590244234569,
                0.03437360336205789
            ],
            "accuracies": [
                0.9807566506759704,
                0.9660924552987353,
                0.96860008722198,
                0.9900784997819451,
                0.9895333624073267,
                0.971652856519843,
                0.9903510684692542,
                0.9905146096816397,
                0.9919864805931095,
                0.9922045355429568,
                0.9789576973397296,
                0.9871892716964675,
                0.9812472743131269,
                0.9744875708678588,
                0.9921500218054949,
                0.9831007413868295,
                0.9891517662450937,
                0.976777147841256,
                0.9841365023986044,
                0.9912778020061055
            ]
        },
        "test": {
            "best_epoch": 18,
            "best_loss": 0.15102743995181905,
            "best_accuracy": 0.9711588883062402,
            "losses": [
                0.1751147464849055,
                0.33939138989274703,
                0.2123249185582002,
                0.16693091560931256,
                0.16165095310425387,
                0.5565482230701794,
                0.17478743878503641,
                0.1830696395287911,
                0.21380910978962978,
                0.25265309719058376,
                0.2128984449043249,
                0.15346310009869438,
                0.23537832667934708,
                0.43335582468037803,
                0.38758438075116525,
                0.1864483048208058,
                0.2615515770972706,
                0.3084806785346397,
                0.15102743995181905,
                0.29795844953429573
            ],
            "accuracies": [
                0.9416622968012586,
                0.9157052962768747,
                0.936418458311484,
                0.9471683272155218,
                0.9573938122705821,
                0.9053487152595701,
                0.9562139486103828,
                0.9622443628736235,
                0.9669638175144205,
                0.9566072364971159,
                0.9437598321971683,
                0.9643418982695333,
                0.9639486103828002,
                0.9286837965390666,
                0.9660461457787101,
                0.9488725747246984,
                0.958442579968537,
                0.9597535395909806,
                0.9711588883062402,
                0.955951756685894
            ]
        }
    }
}