{
    "device": "cuda:0",
    "network": "FirstNeuralNetwork",
    "epochs_number": 20,
    "learning_rate": 0.01,
    "batch_size": 32,
    "train_len_data": 91720,
    "test_len_data": 7628,
    "trainer": "BaseTrainer",
    "optimizer": "SGD",
    "pytorch_version": "1.12.1+cu116",
    "loss_function": "CrossEntropyLoss",
    "best_valid_epoch": 19,
    "best_valid_accuracy": 0.9962930658525948,
    "best_valid_loss": 0.010378111777470762,
    "best_test_epoch": 18,
    "best_test_accuracy": 0.9341898269533299,
    "best_test_loss": 0.34211881551014794,
    "performances": {
        "train_loss": [
            0.3686220413792799,
            0.09625397883826763,
            0.057111550683506575,
            0.03946914030454821,
            0.03133299695222785,
            0.026019084271741575,
            0.02194492055699069,
            0.019727060971991926,
            0.016860982039516744,
            0.015162602378774684,
            0.013037221051359146,
            0.011862012398790742,
            0.010521396178475343,
            0.009474578034169845,
            0.008182584464601036,
            0.00818144825468083,
            0.006986014621181912,
            0.00647392680835928,
            0.005991050313477332,
            0.005372183063777922
        ],
        "train_accuracy": [
            0.8248473615351068,
            0.9643616441343218,
            0.9799662014827737,
            0.9863579372001744,
            0.9889337112952464,
            0.9913186873092019,
            0.9927496729175752,
            0.9932402965547318,
            0.994167030091583,
            0.9946167684256433,
            0.9954344744875708,
            0.9961431530745748,
            0.9962112952464021,
            0.9969336022677715,
            0.9973697121674662,
            0.9969744875708678,
            0.9975741386829481,
            0.9978467073702573,
            0.9980647623201047,
            0.9980783907544701
        ],
        "valid_loss": [
            0.11895085421458977,
            0.08274312787697381,
            0.082044049677336,
            0.03180556220549259,
            0.02722531137511358,
            0.023418799211290982,
            0.026383272550662636,
            0.028358561336607913,
            0.02001289786797407,
            0.016659606396080582,
            0.014222938010744856,
            0.013778387557720425,
            0.013903374577350362,
            0.012902677066959746,
            0.015074397343251084,
            0.010934382935707485,
            0.012977527225960326,
            0.01164421946532734,
            0.01789171232886262,
            0.010378111777470762
        ],
        "valid_accuracy": [
            0.9578063672045355,
            0.9694723070213694,
            0.9669101613606629,
            0.9885521151330136,
            0.9902420409943306,
            0.9918774531181858,
            0.9911687745311819,
            0.990405582206716,
            0.9929132141299607,
            0.9936764064544266,
            0.9948211949411252,
            0.9948211949411252,
            0.995529873528129,
            0.9954208460532054,
            0.9953118185782818,
            0.9957479284779764,
            0.9959114696903619,
            0.995529873528129,
            0.9944941125163541,
            0.9962930658525948
        ],
        "test_loss": [
            0.4478794981386497,
            0.3924647564356796,
            0.48721461662064036,
            0.346473036701187,
            0.3064995487103683,
            0.32133660536399694,
            0.4047743660421208,
            0.5278320466706463,
            0.3803393642640201,
            0.38495225412819817,
            0.41223829807168083,
            0.3848684761082855,
            0.4860039421702564,
            0.4357886010309424,
            0.506078495138841,
            0.5095364968778595,
            0.3425082477889994,
            0.4785746136406499,
            0.34211881551014794,
            0.4398877053787283
        ],
        "test_accuracy": [
            0.8710015731515469,
            0.8708704771893025,
            0.826953329837441,
            0.9212113266911379,
            0.9233088620870478,
            0.9222600943890928,
            0.9218668065023597,
            0.9140010487676979,
            0.9197692711064499,
            0.9247509176717357,
            0.9218668065023597,
            0.9284216046145779,
            0.9197692711064499,
            0.9246198217094913,
            0.9233088620870478,
            0.9222600943890928,
            0.9330099632931306,
            0.92488201363398,
            0.9341898269533299,
            0.9301258521237545
        ]
    }
}