{
    "device": "cuda:0",
    "network": "SecondNeuralNetwork",
    "epochs_number": 20,
    "learning_rate": 0.01,
    "batch_size": 32,
    "train_len_data": 91720,
    "test_len_data": 7628,
    "trainer": "BaseTrainer",
    "optimizer": "SGD",
    "pytorch_version": "1.12.1+cu116",
    "loss_function": "CrossEntropyLoss",
    "performances": {
        "train": {
            "best_epoch": 0,
            "best_loss": 0.02586169296149739,
            "best_accuracy": 0.9907599215002181,
            "losses": [
                0.48423204482303556,
                0.21218036865588882,
                0.10287899554476006,
                0.07503819477583358,
                0.059151401212163765,
                0.053840896954136096,
                0.046844596765367105,
                0.041908469322665336,
                0.04241296076256927,
                0.03961410875421227,
                0.03502545575865142,
                0.03444232242268714,
                0.03456343081193386,
                0.031208275706275553,
                0.030098531324988523,
                0.02758485553364007,
                0.028730877621198456,
                0.027067062863131944,
                0.02698691311867243,
                0.02586169296149739
            ],
            "accuracies": [
                0.7521124073266463,
                0.9153401657217619,
                0.9621947230702137,
                0.9726477322285216,
                0.9790258395115569,
                0.9807839075447012,
                0.9830598560837331,
                0.984804295682512,
                0.9849950937636285,
                0.9857174007849978,
                0.9877071522023549,
                0.9872574138682948,
                0.9876117531617967,
                0.9887974269515918,
                0.9889064544265155,
                0.9899285870039249,
                0.989574247710423,
                0.990405582206716,
                0.9905009812472743,
                0.9907599215002181
            ]
        },
        "valid": {
            "best_epoch": 0,
            "best_loss": 0.027522995067265077,
            "best_accuracy": 0.9902965547317925,
            "losses": [
                0.4292701189162839,
                0.1080259529059227,
                0.10485089885213701,
                0.0949085585250542,
                0.07075211019636511,
                0.04870648376091192,
                0.0928027860151818,
                0.036905630348892784,
                0.0361562264823186,
                0.04143019862134717,
                0.0372082945531338,
                0.03324597553193459,
                0.0306585826965792,
                0.030559651432601486,
                0.03554468156521627,
                0.03593632042391156,
                0.027522995067265077,
                0.03778051919120693,
                0.032459835424982354,
                0.03446538430544911
            ],
            "accuracies": [
                0.8348778892280855,
                0.960368512865242,
                0.9635848233754907,
                0.9677278674225905,
                0.9748146532926297,
                0.9832097688617532,
                0.9664195377235063,
                0.9863715656345399,
                0.9864260793720018,
                0.9858264282599215,
                0.986644134321849,
                0.9882250327082425,
                0.9890427387701701,
                0.9888791975577845,
                0.9869712167466201,
                0.9874618403837767,
                0.9902965547317925,
                0.9869167030091583,
                0.9886611426079372,
                0.9887701700828608
            ]
        },
        "test": {
            "best_epoch": 0,
            "best_loss": 0.04864603014069582,
            "best_accuracy": 0.9850550603041426,
            "losses": [
                0.1562833329117136,
                0.09171436065379296,
                0.08055294372719055,
                0.07590498954153163,
                0.060687277186954214,
                0.050883824999758846,
                0.07639970703276505,
                0.04864603014069582,
                0.05814125255299693,
                0.0532297679441338,
                0.048131062559443466,
                0.05185974808154086,
                0.05989557735146526,
                0.059677697821163715,
                0.051276703315707134,
                0.05620302820883138,
                0.05707054738409303,
                0.05388112368367059,
                0.04746745860851448,
                0.04904476906295679
            ],
            "accuracies": [
                0.9417933927635029,
                0.9663083377031988,
                0.9744362873623492,
                0.9749606712113267,
                0.9807288935500786,
                0.9812532773990561,
                0.9745673833245936,
                0.9850550603041426,
                0.9812532773990561,
                0.9817776612480336,
                0.983744100681699,
                0.9825642370214998,
                0.9782380702674358,
                0.980859989512323,
                0.9836130047194547,
                0.9832197168327216,
                0.9786313581541689,
                0.982302045097011,
                0.983744100681699,
                0.9819087572102779
            ]
        }
    }
}