{
    "device": "cuda:0",
    "network": "FirstNeuralNetwork",
    "epochs_number": 20,
    "learning_rate": 0.001,
    "batch_size": 64,
    "train_len_data": 91720,
    "test_len_data": 7628,
    "trainer": "BaseTrainer",
    "optimizer": "Adam",
    "pytorch_version": "1.12.1+cu116",
    "loss_function": "CrossEntropyLoss",
    "performances": {
        "train": {
            "best_epoch": 18,
            "best_loss": 0.011879158936230063,
            "best_accuracy": 0.9961840383776712,
            "losses": [
                0.2615685943764193,
                0.09537531093246877,
                0.06792330045440602,
                0.05367786747788314,
                0.045134960693338076,
                0.03705029783457024,
                0.03270443583784443,
                0.027889496145687538,
                0.02640362922673125,
                0.021526772119542816,
                0.020294558721574315,
                0.01722795012550088,
                0.019332953713625308,
                0.01588970960511603,
                0.01533992663479541,
                0.016496915847210285,
                0.015020451824107045,
                0.013805138543563827,
                0.011879158936230063,
                0.014568522906171116
            ],
            "accuracies": [
                0.8852076973397296,
                0.9656563453990405,
                0.9753597906672481,
                0.9805658525948538,
                0.9841910161360663,
                0.9871620148277366,
                0.98874291321413,
                0.9905009812472743,
                0.9908144352376799,
                0.9928178150894025,
                0.9930767553423463,
                0.9940580026166594,
                0.9935810074138683,
                0.994848451809856,
                0.994848451809856,
                0.9945758831225469,
                0.9948893371129525,
                0.9956116441343218,
                0.9961840383776712,
                0.9954753597906673
            ]
        },
        "valid": {
            "best_epoch": 15,
            "best_loss": 0.02296563949694436,
            "best_accuracy": 0.99318578281727,
            "losses": [
                0.09903050515190649,
                0.11115378532104375,
                0.055403436164173724,
                0.05206764667483131,
                0.04834352397905072,
                0.04583342236309322,
                0.02610374288166993,
                0.03263996479966279,
                0.03192294599449437,
                0.02913926769362743,
                0.038384845056999004,
                0.0389692283127289,
                0.03315539995927561,
                0.02830794969509122,
                0.026330918814534265,
                0.02296563949694436,
                0.024111643891373102,
                0.0262178441346263,
                0.037288159854377084,
                0.04991983419964869
            ],
            "accuracies": [
                0.9655473179241169,
                0.9598233754906237,
                0.980538595726123,
                0.9820104666375927,
                0.982937200174444,
                0.9841910161360663,
                0.9909507195813345,
                0.9893698211949411,
                0.988388573920628,
                0.9906781508940253,
                0.9892062799825556,
                0.9882250327082425,
                0.9887701700828608,
                0.9908416921064108,
                0.9913868294810292,
                0.99318578281727,
                0.9916593981683384,
                0.9925861317051897,
                0.9870802442215438,
                0.9816288704753597
            ]
        },
        "test": {
            "best_epoch": 6,
            "best_loss": 0.05907016072208838,
            "best_accuracy": 0.9809910854745674,
            "losses": [
                0.09045258840390792,
                0.11494402711371852,
                0.06609010331643124,
                0.09873600470552144,
                0.11116516203231488,
                0.09796559548315903,
                0.05907016072208838,
                0.08275357697275468,
                0.08462906608341049,
                0.07125931791039572,
                0.07361616390553535,
                0.10780070284001037,
                0.08914967216114747,
                0.08304921436316968,
                0.09347220036179352,
                0.08560571406172433,
                0.08127741844943254,
                0.08518068979974487,
                0.10815710658142355,
                0.12967407253424124
            ],
            "accuracies": [
                0.9693235448348191,
                0.965652857891977,
                0.9760094389092816,
                0.9706345044572627,
                0.9652595700052439,
                0.9649973780807551,
                0.9809910854745674,
                0.9748295752490823,
                0.9737808075511274,
                0.9795490298898794,
                0.9781069743051914,
                0.971814368117462,
                0.9743051914001049,
                0.9767960146827478,
                0.9733875196643943,
                0.976140534871526,
                0.9766649187205034,
                0.9767960146827478,
                0.970372312532774,
                0.9635553224960671
            ]
        }
    }
}