{
    "device": "cuda:0",
    "network": "SecondNeuralNetwork",
    "epochs_number": 20,
    "learning_rate": 0.01,
    "batch_size": 32,
    "train_len_data": 91720,
    "test_len_data": 7628,
    "trainer": "BaseTrainer",
    "optimizer": "SGD",
    "pytorch_version": "1.12.1+cu116",
    "loss_function": "CrossEntropyLoss",
    "best_valid_epoch": 18,
    "best_valid_accuracy": 0.9981465329262974,
    "best_valid_loss": 0.005396177701862667,
    "best_test_epoch": 18,
    "best_test_accuracy": 0.9585736759307814,
    "best_test_loss": 0.24638022704321014,
    "performances": {
        "train_loss": [
            0.2494563046295311,
            0.0568154055533916,
            0.025330772703858282,
            0.01765017414625243,
            0.013582603550281118,
            0.01161090150846046,
            0.009606597074416148,
            0.008654635272157533,
            0.007589148908209014,
            0.006403427979071558,
            0.00515290210394083,
            0.004823144560117471,
            0.0045062722149777764,
            0.003717044048931411,
            0.00333915471024541,
            0.0033003790876191654,
            0.002760500606600725,
            0.0023320675882764885,
            0.002271594920892382,
            0.0019251128928739509
        ],
        "train_accuracy": [
            0.8908362407326647,
            0.9803069123419101,
            0.9911687745311819,
            0.993867204535543,
            0.9952436764064544,
            0.9959250981247274,
            0.9965928914086349,
            0.9970562581770607,
            0.9972606846925425,
            0.9977921936327955,
            0.9983373310074138,
            0.9983237025730484,
            0.9985008722197994,
            0.9986235281290885,
            0.9990732664631488,
            0.9989506105538596,
            0.9991277802006105,
            0.9991959223724378,
            0.999291321412996,
            0.9994548626253816
        ],
        "valid_loss": [
            0.07970437664012928,
            0.029242520025876132,
            0.015270537987208637,
            0.013411076866468141,
            0.01186576057081848,
            0.009581485098728658,
            0.01022246894096247,
            0.009507159409077483,
            0.010758267502922676,
            0.04067787823555987,
            0.007321917603992294,
            0.006822070394874328,
            0.006708099832457493,
            0.006873233082817137,
            0.006150506847348366,
            0.007273154291007987,
            0.006108819871483613,
            0.00546402230989122,
            0.005396177701862667,
            0.005207581328637573
        ],
        "valid_accuracy": [
            0.973015699956389,
            0.9900784997819451,
            0.9950392498909725,
            0.9958569559529001,
            0.9960750109027475,
            0.9968927169646751,
            0.9962930658525948,
            0.9967836894897514,
            0.9956934147405146,
            0.9864805931094636,
            0.9973833406018316,
            0.9974378543392936,
            0.997601395551679,
            0.9978739642389882,
            0.9977104230266027,
            0.9973833406018316,
            0.9977649367640645,
            0.9980920191888356,
            0.9981465329262974,
            0.9979829917139119
        ],
        "test_loss": [
            0.48007355443353933,
            0.38155316016597823,
            0.23361098341678882,
            0.2236450521692353,
            0.2624864006194843,
            0.22848830033248588,
            0.1860841065577025,
            0.3083284405358092,
            0.2025695018729421,
            0.40331357359165515,
            0.292498482106045,
            0.3201757956495275,
            0.307693807859871,
            0.2516727552721483,
            0.2798025816600366,
            0.23437752026982242,
            0.2622447366019339,
            0.3123443971547215,
            0.24638022704321014,
            0.2857887571168757
        ],
        "test_accuracy": [
            0.8913214472994232,
            0.9138699528054536,
            0.9414001048767698,
            0.9449396958573676,
            0.9421866806502359,
            0.9471683272155218,
            0.9575249082328264,
            0.9396958573675931,
            0.9525432616675407,
            0.9348453067645517,
            0.9476927110644993,
            0.9461195595175669,
            0.9476927110644993,
            0.9550340849501835,
            0.9524121657052963,
            0.9542475091767174,
            0.9558206607236497,
            0.9516255899318301,
            0.9585736759307814,
            0.9549029889879391
        ]
    }
}