{
    "device": "cuda:0",
    "network": "ThirdNeuralNetwork",
    "epochs_number": 20,
    "learning_rate": 0.001,
    "batch_size": 64,
    "train_len_data": 91720,
    "test_len_data": 7628,
    "trainer": "BaseTrainer",
    "optimizer": "Adam",
    "pytorch_version": "1.12.1+cu116",
    "loss_function": "CrossEntropyLoss",
    "performances": {
        "train": {
            "best_epoch": 9,
            "best_loss": 0.01860621536354885,
            "best_accuracy": 0.9937309201918884,
            "losses": [
                0.17714594802051886,
                0.07150585940266037,
                0.04828106204280021,
                0.037886141248828054,
                0.03232965678086833,
                0.026703058533464278,
                0.022856099120835117,
                0.022286248010928156,
                0.01921198898831479
            ],
            "accuracies": [
                0.9267471652856519,
                0.9737380069777584,
                0.9827872873964238,
                0.9867395333624073,
                0.9887020279110336,
                0.990405582206716,
                0.9921091365023986,
                0.9923680767553423,
                0.9935537505451374
            ]
        },
        "valid": {
            "best_epoch": 8,
            "best_loss": 0.014517364943483584,
            "best_accuracy": 0.9948211949411252,
            "losses": [
                0.10328843600996072,
                0.06505856803336055,
                0.05087333218557987,
                0.03657642406823587,
                0.029252557447001677,
                0.026177900148481002,
                0.02118632766801072,
                0.022409213337475736,
                0.014517364943483584
            ],
            "accuracies": [
                0.9630396860008722,
                0.9772677714784126,
                0.9824465765372874,
                0.9876253815961622,
                0.9891517662450937,
                0.9908962058438726,
                0.9920955080680331,
                0.9920955080680331,
                0.9948211949411252
            ]
        },
        "test": {
            "best_epoch": 1,
            "best_loss": 0.06339562753370652,
            "best_accuracy": 0.9787624541164132,
            "losses": [
                0.071963415791591,
                0.06339562753370652,
                0.07670683338074014,
                0.0922345892249723,
                0.10831846658450862,
                0.12092942844610662,
                0.09582800290857753,
                0.12094199365625778,
                0.09097389193484559
            ],
            "accuracies": [
                0.9757472469847929,
                0.9787624541164132,
                0.9766649187205034,
                0.9727320398531725,
                0.9635553224960671,
                0.9602779234399581,
                0.9669638175144205,
                0.9593602517042475,
                0.9701101206082853
            ]
        }
    }
}