{
    "device": "cuda:0",
    "network": "SecondNeuralNetwork",
    "epochs_number": 10,
    "learning_rate": 0.01,
    "batch_size": 32,
    "train_len_data": 91720,
    "test_len_data": 7628,
    "trainer": "BaseTrainer",
    "optimizer": "SGD",
    "pytorch_version": "1.12.1+cu116",
    "loss_function": "CrossEntropyLoss",
    "performances": {
        "train": {
            "best_epoch": 9,
            "best_loss": 0.016603939363283773,
            "best_accuracy": 0.9945758831225469,
            "losses": [
                0.4551756438980756,
                0.18910526468857597,
                0.0736876712057811,
                0.04784195020100743,
                0.0357896919395552,
                0.02923388792199795,
                0.024438385151983516,
                0.021102386841612815,
                0.018408932186603826,
                0.016603939363283773
            ],
            "accuracies": [
                0.7831034670737026,
                0.9255751199302225,
                0.9728930440470999,
                0.9836322503270825,
                0.9879115787178369,
                0.9902284125599651,
                0.9919319668556477,
                0.9927224160488443,
                0.9937581770606193,
                0.9945758831225469
            ]
        },
        "valid": {
            "best_epoch": 9,
            "best_loss": 0.019193091330061487,
            "best_accuracy": 0.9928587003924989,
            "losses": [
                0.3868210813621195,
                0.1516219282308626,
                0.04631566318021341,
                0.038454532576035316,
                0.03150763299783857,
                0.027554086491851728,
                0.025491894178785293,
                0.021021560232097426,
                0.025961941336121376,
                0.019193091330061487
            ],
            "accuracies": [
                0.8499236807675534,
                0.9437963366768426,
                0.9845180985608374,
                0.9865896205843873,
                0.9885521151330136,
                0.9905146096816397,
                0.9906236371565634,
                0.9925861317051897,
                0.9907326646314871,
                0.9928587003924989
            ]
        },
        "test": {
            "best_epoch": 2,
            "best_loss": 0.03603244771733763,
            "best_accuracy": 0.9892501310959623,
            "losses": [
                0.15040973179767134,
                0.0830407045571188,
                0.03603244771733763,
                0.049504657681967094,
                0.04547488666078656,
                0.05076015684532029,
                0.04901803241392148,
                0.03807925210720626,
                0.06229371175853215,
                0.05699815015097526
            ],
            "accuracies": [
                0.9431043523859465,
                0.9732564237021499,
                0.9892501310959623,
                0.985186156266387,
                0.9849239643418982,
                0.9845306764551652,
                0.986628211851075,
                0.9883324593602517,
                0.9813843733613005,
                0.9853172522286313
            ]
        }
    }
}