{
    "device": "cuda:0",
    "network": "FirstNeuralNetwork",
    "epochs_number": 20,
    "learning_rate": 0.001,
    "batch_size": 32,
    "train_len_data": 91720,
    "test_len_data": 7628,
    "trainer": "BaseTrainer",
    "optimizer": "SGD",
    "pytorch_version": "1.12.1+cu116",
    "loss_function": "CrossEntropyLoss",
    "best_valid_epoch": 18,
    "best_valid_accuracy": 0.19592237243785435,
    "best_valid_loss": 0.059268996013833036,
    "best_test_epoch": 17,
    "best_test_accuracy": 0.9213424226533823,
    "best_test_loss": 0.3101350652632619,
    "performances": {
        "train_loss": [
            0.6356990417693829,
            0.599440649951123,
            0.5773089320260367,
            0.4939391366776763,
            0.28871290943948036,
            0.1981725566644779,
            0.1615465852999357,
            0.1406545715980846,
            0.12597717560593785,
            0.11431429078465355,
            0.10464648471197224,
            0.09617572876990713,
            0.08888302941538956,
            0.08286557361650912,
            0.07725089513893717,
            0.07282562518770154,
            0.06861083401038892,
            0.06518320186009628,
            0.06243688313420854,
            0.05979345158440891
        ],
        "train_accuracy": [
            0.5624945486262538,
            0.5656781508940253,
            0.5656781508940253,
            0.6035870039249891,
            0.7088421282163105,
            0.738268643698212,
            0.7516354121238552,
            0.7585804622764937,
            0.7628979502834714,
            0.7669319668556476,
            0.7697339729611862,
            0.7720780636720453,
            0.774378543392935,
            0.776035761011775,
            0.7777474923680767,
            0.779295682511993,
            0.7806040122110772,
            0.7814762320104667,
            0.7825774095071958,
            0.7828826864369821
        ],
        "valid_loss": [
            0.6113514817654048,
            0.5943618310868533,
            0.5617191389670355,
            0.3924717494263882,
            0.2291554203159614,
            0.17687658363959724,
            0.1484431320645616,
            0.13129327484513617,
            0.1202629313411561,
            0.10900930056465263,
            0.09887249868213871,
            0.09139025634972424,
            0.08543945827849131,
            0.07784151134911911,
            0.07765854618902308,
            0.07413554402181427,
            0.06672635111180604,
            0.06336211929874956,
            0.059268996013833036,
            0.058592601615987484
        ],
        "valid_accuracy": [
            0.14049280418665502,
            0.14049280418665502,
            0.14049280418665502,
            0.1690580026166594,
            0.1816615787178369,
            0.18646969036197122,
            0.18877017008286087,
            0.1901984300043611,
            0.19085259485390318,
            0.1920082860880942,
            0.19268425643262102,
            0.1934147405146097,
            0.1938181421718273,
            0.19459223724378544,
            0.19441779328390754,
            0.19476668120366333,
            0.1954535542956825,
            0.19548626253815962,
            0.19592237243785435,
            0.1958678587003925
        ],
        "test_loss": [
            0.9760410965237158,
            1.0243605133379852,
            0.956454220676023,
            0.4426755992438504,
            0.35617120510988154,
            0.38088769150827717,
            0.3961042351864871,
            0.4012986048276704,
            0.3871232041130505,
            0.3741060832834892,
            0.3698935136510737,
            0.3487821811085341,
            0.3572969331589204,
            0.34089909605370156,
            0.32493363329400327,
            0.3269329911105678,
            0.309719120670562,
            0.3101350652632619,
            0.32452785547736984,
            0.3042120405075347
        ],
        "test_accuracy": [
            0.10448348190875721,
            0.10448348190875721,
            0.10448348190875721,
            0.8299685369690614,
            0.8398007341373885,
            0.8550078657577347,
            0.8692973256423702,
            0.8719192448872575,
            0.8789984268484531,
            0.8867330886208705,
            0.8969585736759308,
            0.8999737808075511,
            0.9006292606187729,
            0.9078395385422129,
            0.9101992658626115,
            0.9078395385422129,
            0.9163607760880965,
            0.9213424226533823,
            0.9196381751442055,
            0.9212113266911379
        ]
    }
}