{
    "device": "cuda:0",
    "network": "LinearRegressionNetwork",
    "epochs_number": 10,
    "learning_rate": 0.0001,
    "batch_size": 128,
    "train_len_data": 91720,
    "test_len_data": 7628,
    "trainer": "BaseTrainer",
    "optimizer": "SGD",
    "pytorch_version": "1.12.1+cu116",
    "loss_function": "CrossEntropyLoss",
    "performances": {
        "train": {
            "best_epoch": 9,
            "best_loss": 0.5296851811404842,
            "best_accuracy": 0.7519761229829918,
            "losses": [
                0.6039285265194829,
                0.5496140361766781,
                0.544302716435871,
                0.5396973251361881,
                0.5368089155141484,
                0.5348355784129598,
                0.5367891390253027,
                0.5374994541709847,
                0.535414611628662,
                0.5296851811404842
            ],
            "accuracies": [
                0.6796909071085914,
                0.7353630614914959,
                0.7406917793283908,
                0.7445213693850851,
                0.7466610335804623,
                0.7455162450937636,
                0.7445349978194505,
                0.7428995856955953,
                0.7467291757522896,
                0.7519761229829918
            ]
        },
        "valid": {
            "best_epoch": 6,
            "best_loss": 0.5329525319652425,
            "best_accuracy": 0.747274313126908,
            "losses": [
                0.534766629545225,
                0.5401355582806799,
                0.5362454147802459,
                0.5334918583846755,
                0.5373790142022901,
                0.5341577250510454,
                0.5329525319652425,
                0.5332584265205595,
                0.5338137170506848,
                0.5341452341526747
            ],
            "accuracies": [
                0.7463475795900567,
                0.7346816397732229,
                0.7420409943305714,
                0.7442760575665067,
                0.740405582206716,
                0.7444941125163541,
                0.747274313126908,
                0.7410597470562582,
                0.741822939380724,
                0.7387701700828608
            ]
        },
        "test": {
            "best_epoch": 9,
            "best_loss": 0.5105576698978742,
            "best_accuracy": 0.7865757734661772,
            "losses": [
                0.5580357745289802,
                0.5385303611556689,
                0.5680242622892062,
                0.5533458903431893,
                0.5206814909974734,
                0.5229956527551015,
                0.5694634844859441,
                0.5426562860608101,
                0.518745090564092,
                0.5105576698978742
            ],
            "accuracies": [
                0.7621919244887257,
                0.7704509701101206,
                0.7523597273203986,
                0.7628474042999476,
                0.7787100157315154,
                0.7785789197692711,
                0.7538017829050865,
                0.7703198741478763,
                0.7819874147876246,
                0.7865757734661772
            ]
        }
    }
}