{
    "device": "cuda:0",
    "network": "SecondNeuralNetwork",
    "epochs_number": 20,
    "learning_rate": 0.01,
    "batch_size": 32,
    "train_len_data": 91720,
    "test_len_data": 7628,
    "trainer": "BaseTrainer",
    "optimizer": "SGD",
    "pytorch_version": "1.12.1+cu116",
    "loss_function": "CrossEntropyLoss",
    "best_valid_epoch": 17,
    "best_valid_accuracy": 0.9986916703009159,
    "best_valid_loss": 0.0039555788827279675,
    "best_test_epoch": 18,
    "best_test_accuracy": 0.9546407970634504,
    "best_test_loss": 0.26596133032690433,
    "performances": {
        "train_loss": [
            0.2835851457238854,
            0.06546050224491187,
            0.02906681359351207,
            0.020634144787947794,
            0.015434057448284662,
            0.012175212017157568,
            0.00970299325956459,
            0.0088261348633898,
            0.007210286430144577,
            0.006044472806737872,
            0.005356592134844744,
            0.004886834789519358,
            0.0040640934065215364,
            0.003479785450430456,
            0.0031114856778500233,
            0.0029334578074699095,
            0.0025618171359398736,
            0.0020526690371425495,
            0.0019196210035967093,
            0.0015524257546203634
        ],
        "train_accuracy": [
            0.8773168338421282,
            0.9771587440034889,
            0.9904464675098125,
            0.9927360444832097,
            0.994875708678587,
            0.9958160706498037,
            0.9965520061055386,
            0.9966337767117314,
            0.9974923680767553,
            0.9978467073702573,
            0.9982283035324901,
            0.9981329044919319,
            0.9985553859572612,
            0.9988552115133014,
            0.9990460095944178,
            0.9989097252507632,
            0.9991959223724378,
            0.9994003488879197,
            0.9993730920191888,
            0.9995775185346707
        ],
        "valid_loss": [
            0.09715342590299789,
            0.03384521992906331,
            0.02074948773095311,
            0.023892754184612307,
            0.0145391217578917,
            0.012955543354002232,
            0.0106390710606849,
            0.012155720482244756,
            0.010377544151244606,
            0.006584266834154824,
            0.007303756153070289,
            0.007928633077899608,
            0.004901648062479283,
            0.004797912824011459,
            0.01355935299562915,
            0.005500247128255854,
            0.003792849438835105,
            0.0039555788827279675,
            0.011437839113440625,
            0.004173753946889133
        ],
        "valid_accuracy": [
            0.9659289140863497,
            0.9888246838203227,
            0.9927496729175752,
            0.9916048844308766,
            0.9948211949411252,
            0.9951482773658962,
            0.9956389010030527,
            0.9958024422154383,
            0.9961840383776712,
            0.9975468818142171,
            0.9975468818142171,
            0.9973833406018316,
            0.9982010466637593,
            0.9982010466637593,
            0.9949302224160489,
            0.9980375054513737,
            0.9983645878761448,
            0.9986916703009159,
            0.9967836894897514,
            0.9984191016136066
        ],
        "test_loss": [
            0.5249723115055257,
            0.4409769304704591,
            0.354554134214523,
            0.4417183654383799,
            0.39081242163256436,
            0.3012083181117712,
            0.30337287841646526,
            0.37310198725203897,
            0.46190543958995683,
            0.3151750811669151,
            0.3275981486926467,
            0.3563176933882943,
            0.2993879680360193,
            0.30385977514193485,
            0.46163840314699794,
            0.43685907388383205,
            0.3618184710358798,
            0.34582131543727174,
            0.26596133032690433,
            0.38951567062087206
        ],
        "test_accuracy": [
            0.8685107498689041,
            0.9083639223911903,
            0.9222600943890928,
            0.921604614577871,
            0.930650235972732,
            0.9399580492920818,
            0.9434976402726796,
            0.936418458311484,
            0.9294703723125328,
            0.9449396958573676,
            0.940744625065548,
            0.9444153120083901,
            0.9499213424226534,
            0.9486103828002097,
            0.9372050340849502,
            0.9382538017829051,
            0.9472994231777662,
            0.9487414787624541,
            0.9546407970634504,
            0.9455951756685894
        ]
    }
}