{
    "device": "cuda:0",
    "network": "SecondNeuralNetwork",
    "epochs_number": 20,
    "learning_rate": 0.01,
    "batch_size": 32,
    "train_len_data": 91720,
    "test_len_data": 7628,
    "trainer": "BaseTrainer",
    "optimizer": "SGD",
    "pytorch_version": "1.12.1+cu116",
    "loss_function": "CrossEntropyLoss",
    "best_valid_epoch": 11,
    "best_valid_accuracy": 0.9982555604012211,
    "best_valid_loss": 0.005647824852885827,
    "best_test_epoch": 14,
    "best_test_accuracy": 0.9521499737808076,
    "best_test_loss": 0.2562277534214361,
    "performances": {
        "train_loss": [
            0.2666597920467909,
            0.07242245592037398,
            0.03383500614598299,
            0.02197211842538113,
            0.016214340377536655,
            0.013057793366224684,
            0.010928441086442295,
            0.008917465344949102,
            0.00800083389937829,
            0.006646478809393305,
            0.0057278661274999905,
            0.004868491921680803,
            0.00449881360088872,
            0.004240679686897067,
            0.0033699888310192152,
            0.0032361884124542093,
            0.002739009336675159,
            0.0029411644888084547,
            0.002078974802800026,
            0.001956136624747322
        ],
        "train_accuracy": [
            0.8882059529001308,
            0.9746102267771478,
            0.9884158307893589,
            0.9926951591801134,
            0.9944668556476232,
            0.9956661578717837,
            0.9963066942869603,
            0.9971244003488879,
            0.9973015699956389,
            0.9977921936327955,
            0.9981056476232011,
            0.9984054731792412,
            0.9984327300479721,
            0.9985962712603577,
            0.9989097252507632,
            0.9988279546445704,
            0.9990460095944178,
            0.9989233536851286,
            0.9993867204535543,
            0.9994548626253816
        ],
        "valid_loss": [
            0.1117058536557007,
            0.039750150080976314,
            0.027384681707367346,
            0.017874607637405757,
            0.012819583481907818,
            0.01545928446873122,
            0.009681572277873746,
            0.007994165083569574,
            0.009040020643700358,
            0.008522903188834089,
            0.008208909798443177,
            0.005647824852885827,
            0.006061341529882952,
            0.005788186289625473,
            0.005481415129500543,
            0.0058929115937328275,
            0.006945895989973706,
            0.004756773855501627,
            0.005488423783612393,
            0.007440550947055089
        ],
        "valid_accuracy": [
            0.9596598342782381,
            0.9877889228085478,
            0.9908962058438726,
            0.9940034888791975,
            0.9959114696903619,
            0.9944395987788923,
            0.9966746620148277,
            0.997274313126908,
            0.9966746620148277,
            0.9971652856519843,
            0.997274313126908,
            0.9982555604012211,
            0.99792847797645,
            0.9982010466637593,
            0.9980920191888356,
            0.9982010466637593,
            0.9977649367640645,
            0.9982555604012211,
            0.9981465329262974,
            0.9978194505015264
        ],
        "test_loss": [
            0.570486747764955,
            0.4183867352529503,
            0.3177193700565828,
            0.34523792142461535,
            0.30186366314013885,
            0.22936738069679696,
            0.34595770378125573,
            0.28315569625732806,
            0.38323633081352637,
            0.46555206043850683,
            0.31362500637889035,
            0.41439735010511314,
            0.3442074883655303,
            0.32305019862767675,
            0.2562277534214361,
            0.41035577882822627,
            0.395290916762849,
            0.36881305290153554,
            0.5395926570815456,
            0.40543122725925607
        ],
        "test_accuracy": [
            0.8863398007341374,
            0.9099370739381227,
            0.9267173571054012,
            0.9310435238594651,
            0.9370739381227058,
            0.9455951756685894,
            0.9377294179339276,
            0.9441531200839014,
            0.9360251704247509,
            0.9315679077084426,
            0.9438909281594127,
            0.9373361300471945,
            0.9437598321971683,
            0.945464079706345,
            0.9521499737808076,
            0.9416622968012586,
            0.942579968536969,
            0.9441531200839014,
            0.9351074986890404,
            0.9412690089145255
        ]
    }
}