{
    "device": "cuda:0",
    "network": "FirstNeuralNetwork",
    "epochs_number": 20,
    "learning_rate": 0.001,
    "batch_size": 64,
    "train_len_data": 91720,
    "test_len_data": 7628,
    "trainer": "BaseTrainer",
    "optimizer": "Adam",
    "pytorch_version": "1.12.1+cu116",
    "loss_function": "CrossEntropyLoss",
    "performances": {
        "train": {
            "best_epoch": 17,
            "best_loss": 0.01350219240373294,
            "best_accuracy": 0.9957479284779764,
            "losses": [
                0.2643783496239701,
                0.08541268239580517,
                0.061915057715363056,
                0.048990880151351536,
                0.04085647692553108,
                0.03761561005274784,
                0.03202610432226966,
                0.02996124568871432,
                0.027530785845444435,
                0.02341946242216799,
                0.023813747179988,
                0.020147862232354354,
                0.020387523776007457,
                0.017739544894633353,
                0.015575015499944082,
                0.017742968002207267,
                0.016011684829420038,
                0.01350219240373294,
                0.013733750603084564,
                0.012668036883287886
            ],
            "accuracies": [
                0.883177060619276,
                0.9695131923244658,
                0.9781536197121675,
                0.9828145442651548,
                0.9864260793720018,
                0.987352812908853,
                0.9888791975577845,
                0.9897105320540777,
                0.9908144352376799,
                0.9918638246838203,
                0.991822939380724,
                0.9931040122110771,
                0.993308438726559,
                0.9938535761011775,
                0.994698539031836,
                0.9942488006977759,
                0.9946849105974706,
                0.9957479284779764,
                0.9954481029219363,
                0.9956252725686873
            ]
        },
        "valid": {
            "best_epoch": 19,
            "best_loss": 0.03279159898290634,
            "best_accuracy": 0.9908962058438726,
            "losses": [
                0.109318092257719,
                0.06107922524655114,
                0.05739782406795991,
                0.058895815614909454,
                0.05717581929638982,
                0.04513592857689814,
                0.04594538392838195,
                0.03384062713835525,
                0.04376291211393097,
                0.03585878044773682,
                0.033754071006583834,
                0.03180137703603682,
                0.03534048737431568,
                0.029164066365619842,
                0.03286519048844816,
                0.028608589872226236,
                0.043532230749520236,
                0.038739576131483267,
                0.03662976548934594,
                0.03279159898290634
            ],
            "accuracies": [
                0.961404273877017,
                0.9793392935019625,
                0.9797754034016573,
                0.9801024858264282,
                0.9803750545137374,
                0.9837003924989097,
                0.9844635848233755,
                0.9888246838203227,
                0.9864805931094636,
                0.9888246838203227,
                0.988715656345399,
                0.9896969036197122,
                0.9878434365460096,
                0.989751417357174,
                0.9895333624073267,
                0.9900239860444832,
                0.9882795464457044,
                0.9880069777583951,
                0.9899149585695596,
                0.9908962058438726
            ]
        },
        "test": {
            "best_epoch": 10,
            "best_loss": 0.07662626300492169,
            "best_accuracy": 0.9779758783429471,
            "losses": [
                0.1455425031017512,
                0.09372272602825736,
                0.11291038771159947,
                0.1381991813056326,
                0.11409238859196194,
                0.10544697683459768,
                0.12346516544736612,
                0.08145479640940417,
                0.09893721672294002,
                0.0923502801573098,
                0.07662626300492169,
                0.09780356595329068,
                0.09484875951311551,
                0.09068079729186138,
                0.0963292008896436,
                0.10062242892939442,
                0.09390604393556715,
                0.15275398551408823,
                0.08954800368204209,
                0.11229047536665651
            ],
            "accuracies": [
                0.9493969585736759,
                0.9684058730991085,
                0.9627687467226009,
                0.9597535395909806,
                0.9681436811746198,
                0.9680125852123754,
                0.9677503932878867,
                0.9766649187205034,
                0.9762716308337703,
                0.9760094389092816,
                0.9779758783429471,
                0.9754850550603041,
                0.9741740954378605,
                0.9765338227582591,
                0.9731253277399056,
                0.9740429994756161,
                0.9773203985317253,
                0.9672260094389092,
                0.9778447823807027,
                0.9753539590980598
            ]
        }
    }
}